DataHora,Satelite,Pais,Estado,Municipio,Bioma,DiaSemChuva,Precipitacao,RiscoFogo,FRP,Latitude,Longitude
2025/08/14 17:41:00,AQUA_M-T,Brasil,PARÁ,PARAGOMINAS,Amazônia,2,0.0,0.25,21.9,-3.38415,-47.53628
2025/08/14 17:41:00,AQUA_M-T,Brasil,PARÁ,PARAGOMINAS,Amazônia,0,0.0,0.03,14.5,-3.65013,-48.32283
2025/08/14 17:41:00,AQUA_M-T,Brasil,PARÁ,PARAGOMINAS,Amazônia,0,0.0,0.03,18.6,-3.65565,-48.33397
2025/08/14 17:41:00,AQUA_M-T,Brasil,PARÁ,PARAGOMINAS,Amazônia,0,0.0,0.74,16.7,-3.06259,-47.38142
2025/08/17 17:58:00,AQUA_M-T,Brasil,PARÁ,PARAGOMINAS,Amazônia,6,0.0,1.0,8.7,-3.19461,-47.59209
2025/08/19 17:39:00,AQUA_M-T,Brasil,PARÁ,PARAGOMINAS,Amazônia,5,0.0,0.6,24.7,-3.65839,-48.45741
2025/08/20 18:17:00,AQUA_M-T,Brasil,PARÁ,PARAGOMINAS,Amazônia,4,0.0,0.32,30.0,-3.22709,-46.81219
2025/08/22 17:56:00,AQUA_M-T,Brasil,PARÁ,PARAGOMINAS,Amazônia,9,0.0,0.62,37.9,-3.73463,-48.34729
2025/08/22 17:56:00,AQUA_M-T,Brasil,PARÁ,PARAGOMINAS,Amazônia,6,0.0,0.53,22.6,-3.26698,-46.91742
2025/08/22 17:56:00,AQUA_M-T,Brasil,PARÁ,PARAGOMINAS,Amazônia,9,0.0,0.62,8.5,-3.74409,-48.34596
2025/08/22 17:56:00,AQUA_M-T,Brasil,PARÁ,PARAGOMINAS,Amazônia,6,0.0,0.49,58.2,-3.05135,-47.01593
2025/08/22 17:56:00,AQUA_M-T,Brasil,PARÁ,PARAGOMINAS,Amazônia,9,0.0,0.63,34.5,-3.73613,-48.35759
2025/08/22 17:56:00,AQUA_M-T,Brasil,PARÁ,PARAGOMINAS,Amazônia,9,0.0,0.61,13.4,-3.65762,-48.3233
2025/08/22 17:56:00,AQUA_M-T,Brasil,PARÁ,PARAGOMINAS,Amazônia,6,0.0,0.46,11.6,-3.23859,-46.78515
2025/08/22 17:56:00,AQUA_M-T,Brasil,PARÁ,PARAGOMINAS,Amazônia,9,0.0,0.62,9.2,-3.65911,-48.3335
2025/08/22 17:56:00,AQUA_M-T,Brasil,PARÁ,PARAGOMINAS,Amazônia,6,0.0,0.48,21.5,-3.05265,-47.02486
2025/08/22 17:56:00,AQUA_M-T,Brasil,PARÁ,PARAGOMINAS,Amazônia,9,0.0,1.0,9.6,-3.68225,-47.98739
2025/08/24 17:37:00,AQUA_M-T,Brasil,PARÁ,PARAGOMINAS,Amazônia,8,0.0,0.8,74.8,-3.25845,-46.90408
2025/08/24 17:37:00,AQUA_M-T,Brasil,PARÁ,PARAGOMINAS,Amazônia,8,0.0,0.55,37.8,-3.26106,-46.92288
2025/08/24 17:37:00,AQUA_M-T,Brasil,PARÁ,PARAGOMINAS,Amazônia,8,0.0,0.53,91.7,-3.25649,-46.91126
2025/08/25 18:13:00,AQUA_M-T,Brasil,PARÁ,PARAGOMINAS,Amazônia,12,0.0,0.68,8.6,-3.73848,-48.35804
2025/08/25 18:13:00,AQUA_M-T,Brasil,PARÁ,PARAGOMINAS,Amazônia,12,0.0,0.67,18.0,-3.65968,-48.32651
2025/08/25 18:13:00,AQUA_M-T,Brasil,PARÁ,PARAGOMINAS,Amazônia,9,0.0,0.62,93.8,-3.26083,-46.90896
2025/08/27 17:54:00,AQUA_M-T,Brasil,PARÁ,PARAGOMINAS,Amazônia,11,0.0,0.97,9.4,-3.49079,-48.44319
2025/08/29 17:34:00,AQUA_M-T,Brasil,PARÁ,PARAGOMINAS,Amazônia,2,0.0,0.54,32.6,-3.21638,-46.82784
2025/08/29 17:34:00,AQUA_M-T,Brasil,PARÁ,PARAGOMINAS,Amazônia,3,0.0,0.5,26.6,-3.04646,-47.01874
2025/09/01 17:52:00,AQUA_M-T,Brasil,PARÁ,PARAGOMINAS,Amazônia,5,0.0,0.84,21.5,-3.20471,-46.82373
2025/09/01 17:52:00,AQUA_M-T,Brasil,PARÁ,PARAGOMINAS,Amazônia,5,0.0,0.74,74.5,-3.20621,-46.83396
2025/09/03 17:30:00,AQUA_M-T,Brasil,PARÁ,PARAGOMINAS,Amazônia,7,0.0,0.81,31.0,-3.22381,-47.1336
2025/09/03 17:30:00,AQUA_M-T,Brasil,PARÁ,PARAGOMINAS,Amazônia,7,0.0,0.81,24.1,-3.22537,-47.12612
2025/09/03 17:30:00,AQUA_M-T,Brasil,PARÁ,PARAGOMINAS,Amazônia,9,0.0,-999.0,60.2,-2.99818,-47.4629
2025/09/03 17:30:00,AQUA_M-T,Brasil,PARÁ,PARAGOMINAS,Amazônia,9,0.0,-999.0,59.6,-2.99688,-47.45776
2025/09/04 18:09:00,AQUA_M-T,Brasil,PARÁ,PARAGOMINAS,Amazônia,7,0.0,0.93,10.8,-2.94334,-47.7235
2025/09/04 18:09:00,AQUA_M-T,Brasil,PARÁ,PARAGOMINAS,Amazônia,4,0.0,0.33,12.7,-2.54785,-47.73228
2025/09/04 18:09:00,AQUA_M-T,Brasil,PARÁ,PARAGOMINAS,Amazônia,11,0.0,1.0,118.6,-3.37729,-47.16039
2025/09/04 18:09:00,AQUA_M-T,Brasil,PARÁ,PARAGOMINAS,Amazônia,12,0.0,1.0,9.9,-3.37869,-47.16977
2025/09/04 18:09:00,AQUA_M-T,Brasil,PARÁ,PARAGOMINAS,Amazônia,8,0.0,0.75,7.9,-3.25954,-46.93198
2025/09/06 17:49:00,AQUA_M-T,Brasil,PARÁ,PARAGOMINAS,Amazônia,4,0.0,0.76,7.0,-2.83282,-46.72654
2025/09/09 18:06:00,AQUA_M-T,Brasil,PARÁ,PARAGOMINAS,Amazônia,8,0.0,0.54,8.1,-2.6294,-46.82957
2025/09/09 18:06:00,AQUA_M-T,Brasil,PARÁ,PARAGOMINAS,Amazônia,11,0.0,1.0,11.8,-2.78478,-47.76919
2025/09/09 18:06:00,AQUA_M-T,Brasil,PARÁ,PARAGOMINAS,Amazônia,8,0.0,0.7,12.7,-2.89814,-47.14885
2025/09/09 18:06:00,AQUA_M-T,Brasil,PARÁ,PARAGOMINAS,Amazônia,8,0.0,0.55,16.6,-2.63073,-46.83865
2025/09/09 18:06:00,AQUA_M-T,Brasil,PARÁ,PARAGOMINAS,Amazônia,15,0.0,0.97,8.5,-3.58108,-48.86074
2025/09/09 18:06:00,AQUA_M-T,Brasil,PARÁ,PARAGOMINAS,Amazônia,15,0.0,1.0,12.2,-3.58999,-48.85944
2025/09/11 17:45:00,AQUA_M-T,Brasil,PARÁ,PARAGOMINAS,Amazônia,15,0.0,0.97,19.0,-2.88805,-47.7046
2025/09/12 18:24:00,AQUA_M-T,Brasil,PARÁ,PARAGOMINAS,Amazônia,30,0.2,0.95,297.8,-3.23838,-47.62935
2025/09/12 18:24:00,AQUA_M-T,Brasil,PARÁ,PARAGOMINAS,Amazônia,29,0.2,0.86,71.3,-3.22511,-47.61663
2025/09/13 17:24:00,AQUA_M-T,Brasil,PARÁ,PARAGOMINAS,Amazônia,31,0.0,1.0,44.2,-3.24156,-47.64917
2025/09/14 18:04:00,AQUA_M-T,Brasil,PARÁ,PARAGOMINAS,Amazônia,31,0.0,0.95,7.8,-3.22827,-47.63471
2025/09/14 18:04:00,AQUA_M-T,Brasil,PARÁ,PARAGOMINAS,Amazônia,18,0.0,0.91,6.2,-3.2257,-47.12418
2025/09/14 18:04:00,AQUA_M-T,Brasil,PARÁ,PARAGOMINAS,Amazônia,18,0.0,0.91,5.4,-3.22697,-47.13292
2025/09/16 17:41:00,AQUA_M-T,Brasil,PARÁ,PARAGOMINAS,Amazônia,34,0.0,1.0,25.0,-3.52815,-47.65056
2025/09/16 17:41:00,AQUA_M-T,Brasil,PARÁ,PARAGOMINAS,Amazônia,20,0.0,0.98,22.7,-3.22612,-47.12936
2025/09/19 18:00:00,AQUA_M-T,Brasil,PARÁ,PARAGOMINAS,Amazônia,12,0.0,0.9,301.3,-2.79847,-47.15281
2025/09/19 18:00:00,AQUA_M-T,Brasil,PARÁ,PARAGOMINAS,Amazônia,35,0.0,0.96,20.3,-3.34781,-48.39697
2025/09/19 18:00:00,AQUA_M-T,Brasil,PARÁ,PARAGOMINAS,Amazônia,34,0.0,0.96,86.3,-3.35721,-48.3956
2025/09/19 18:00:00,AQUA_M-T,Brasil,PARÁ,PARAGOMINAS,Amazônia,12,0.0,0.87,22.5,-2.79977,-47.16174
2025/09/19 18:00:00,AQUA_M-T,Brasil,PARÁ,PARAGOMINAS,Amazônia,16,0.0,0.92,10.0,-3.66816,-48.32578
2025/09/19 18:00:00,AQUA_M-T,Brasil,PARÁ,PARAGOMINAS,Amazônia,12,0.0,0.85,52.5,-2.79717,-47.14386
2025/09/21 17:39:00,AQUA_M-T,Brasil,PARÁ,PARAGOMINAS,Amazônia,29,0.97,0.86,29.5,-3.62204,-47.72935
2025/09/21 17:39:00,AQUA_M-T,Brasil,PARÁ,PARAGOMINAS,Amazônia,9,0.0,0.74,20.0,-2.83838,-46.73581
2025/09/21 17:39:00,AQUA_M-T,Brasil,PARÁ,PARAGOMINAS,Amazônia,9,0.0,0.84,24.9,-3.0627,-46.93185
2025/09/24 17:56:00,AQUA_M-T,Brasil,PARÁ,PARAGOMINAS,Amazônia,13,0.0,1.0,7.9,-2.79814,-46.72441
2025/09/24 17:56:00,AQUA_M-T,Brasil,PARÁ,PARAGOMINAS,Amazônia,28,0.0,0.99,8.9,-3.23445,-47.12883
2025/09/27 18:13:00,AQUA_M-T,Brasil,PARÁ,PARAGOMINAS,Amazônia,22,2.2,0.97,39.8,-3.60603,-48.87447
2025/09/29 17:54:00,AQUA_M-T,Brasil,PARÁ,PARAGOMINAS,Amazônia,34,0.0,1.0,12.4,-2.96737,-47.36451
2025/09/29 17:54:00,AQUA_M-T,Brasil,PARÁ,PARAGOMINAS,Amazônia,34,0.0,1.0,11.9,-2.96579,-47.35344
2025/09/29 17:54:00,AQUA_M-T,Brasil,PARÁ,PARAGOMINAS,Amazônia,25,0.0,0.88,13.0,-3.11083,-47.00892
2025/09/29 17:54:00,AQUA_M-T,Brasil,PARÁ,PARAGOMINAS,Amazônia,33,0.0,0.98,13.3,-3.22965,-47.12885
2025/09/29 17:54:00,AQUA_M-T,Brasil,PARÁ,PARAGOMINAS,Amazônia,27,0.0,0.88,41.5,-3.10271,-47.02096
2025/10/01 17:32:00,AQUA_M-T,Brasil,PARÁ,PARAGOMINAS,Amazônia,31,0.0,0.91,30.1,-3.10856,-47.03536
2025/10/01 17:32:00,AQUA_M-T,Brasil,PARÁ,PARAGOMINAS,Amazônia,28,0.0,0.9,91.0,-3.10342,-47.01535
2025/10/01 17:32:00,AQUA_M-T,Brasil,PARÁ,PARAGOMINAS,Amazônia,27,0.0,0.9,72.1,-3.10482,-47.00843
2025/10/02 18:11:00,AQUA_M-T,Brasil,PARÁ,PARAGOMINAS,Amazônia,18,3.52,0.41,7.0,-2.73799,-47.14879
2025/10/04 17:49:00,AQUA_M-T,Brasil,PARÁ,PARAGOMINAS,Amazônia,5,0.0,1.0,15.0,-2.96391,-47.35204
2025/10/04 17:49:00,AQUA_M-T,Brasil,PARÁ,PARAGOMINAS,Amazônia,4,0.0,0.85,77.8,-3.0901,-47.02443
2025/10/04 17:49:00,AQUA_M-T,Brasil,PARÁ,PARAGOMINAS,Amazônia,4,0.0,0.85,9.3,-3.08834,-47.01221
2025/10/07 18:06:00,AQUA_M-T,Brasil,PARÁ,PARAGOMINAS,Amazônia,0,0.3,0.21,27.0,-3.64527,-48.44553
2025/10/07 18:06:00,AQUA_M-T,Brasil,PARÁ,PARAGOMINAS,Amazônia,0,0.49,0.8,22.3,-3.22014,-47.12678
2025/10/07 18:06:00,AQUA_M-T,Brasil,PARÁ,PARAGOMINAS,Amazônia,39,10.47,0.05,7.4,-3.11432,-47.78847
2025/10/07 18:06:00,AQUA_M-T,Brasil,PARÁ,PARAGOMINAS,Amazônia,0,0.54,0.8,7.2,-3.22143,-47.13556
2025/10/07 18:06:00,AQUA_M-T,Brasil,PARÁ,PARAGOMINAS,Amazônia,39,10.72,0.03,31.1,-3.11559,-47.79721
2025/10/07 18:06:00,AQUA_M-T,Brasil,PARÁ,PARAGOMINAS,Amazônia,2,1.45,0.45,7.9,-3.73284,-48.35396
2025/10/07 18:06:00,AQUA_M-T,Brasil,PARÁ,PARAGOMINAS,Amazônia,0,0.0,0.67,12.9,-3.10301,-47.01502
2025/10/07 18:06:00,AQUA_M-T,Brasil,PARÁ,PARAGOMINAS,Amazônia,0,0.3,0.21,17.4,-3.64657,-48.45449
2025/10/07 18:06:00,AQUA_M-T,Brasil,PARÁ,PARAGOMINAS,Amazônia,0,0.0,0.84,15.3,-3.04596,-46.93328
2025/10/15 18:21:00,AQUA_M-T,Brasil,PARÁ,PARAGOMINAS,Amazônia,7,0.0,1.0,24.3,-3.73294,-48.35968
2025/10/15 18:21:00,AQUA_M-T,Brasil,PARÁ,PARAGOMINAS,Amazônia,7,0.0,0.97,30.8,-3.64887,-48.42051
2025/10/15 18:21:00,AQUA_M-T,Brasil,PARÁ,PARAGOMINAS,Amazônia,6,0.0,1.0,21.3,-3.41027,-47.08344
2025/10/17 18:00:00,AQUA_M-T,Brasil,PARÁ,PARAGOMINAS,Amazônia,10,0.0,0.97,10.2,-3.0918,-47.02377
2025/10/17 18:00:00,AQUA_M-T,Brasil,PARÁ,PARAGOMINAS,Amazônia,10,0.0,0.97,10.1,-3.09045,-47.0145
2025/10/20 18:19:00,AQUA_M-T,Brasil,PARÁ,PARAGOMINAS,Amazônia,10,4.57,1.0,9.1,-3.07056,-47.33216
2025/10/22 17:56:00,AQUA_M-T,Brasil,PARÁ,PARAGOMINAS,Amazônia,2,0.0,0.96,95.4,-3.59327,-48.87502
2025/10/25 18:13:00,AQUA_M-T,Brasil,PARÁ,PARAGOMINAS,Amazônia,3,0.0,1.0,9.6,-3.74346,-48.12279
2025/10/25 18:13:00,AQUA_M-T,Brasil,PARÁ,PARAGOMINAS,Amazônia,4,0.0,1.0,14.3,-2.96639,-47.37193
2025/10/25 18:13:00,AQUA_M-T,Brasil,PARÁ,PARAGOMINAS,Amazônia,3,0.0,1.0,6.2,-3.74217,-48.11399
2025/10/30 18:09:00,AQUA_M-T,Brasil,PARÁ,PARAGOMINAS,Amazônia,9,0.0,0.95,16.1,-2.77523,-47.65741
2025/11/04 18:06:00,AQUA_M-T,Brasil,PARÁ,PARAGOMINAS,Amazônia,4,0.0,0.84,24.0,-2.67359,-46.93816
2025/11/04 18:06:00,AQUA_M-T,Brasil,PARÁ,PARAGOMINAS,Amazônia,4,0.0,1.0,8.5,-2.57476,-46.95922
2025/11/04 18:06:00,AQUA_M-T,Brasil,PARÁ,PARAGOMINAS,Amazônia,6,0.0,1.0,21.7,-3.07332,-47.78034
2025/11/04 18:06:00,AQUA_M-T,Brasil,PARÁ,PARAGOMINAS,Amazônia,6,0.0,0.98,22.0,-3.07198,-47.77119
2025/11/04 18:06:00,AQUA_M-T,Brasil,PARÁ,PARAGOMINAS,Amazônia,9,0.0,1.0,15.8,-3.0244,-47.44591
2025/11/04 18:06:00,AQUA_M-T,Brasil,PARÁ,PARAGOMINAS,Amazônia,3,0.0,1.0,26.3,-2.67231,-46.9294
2025/11/07 18:23:00,AQUA_M-T,Brasil,PARÁ,PARAGOMINAS,Amazônia,15,0.0,1.0,85.5,-3.52363,-47.55244
2025/11/07 18:23:00,AQUA_M-T,Brasil,PARÁ,PARAGOMINAS,Amazônia,10,0.0,1.0,12.4,-3.43677,-47.52606
2025/11/07 18:23:00,AQUA_M-T,Brasil,PARÁ,PARAGOMINAS,Amazônia,15,0.0,1.0,659.8,-3.53182,-47.53974
2025/11/07 18:23:00,AQUA_M-T,Brasil,PARÁ,PARAGOMINAS,Amazônia,15,0.0,1.0,250.6,-3.52196,-47.54118
2025/11/07 18:23:00,AQUA_M-T,Brasil,PARÁ,PARAGOMINAS,Amazônia,17,0.0,1.0,11.9,-3.68554,-48.83672
2025/11/09 18:02:00,AQUA_M-T,Brasil,PARÁ,PARAGOMINAS,Amazônia,17,0.0,1.0,13.1,-3.51919,-48.32024
2025/11/09 18:02:00,AQUA_M-T,Brasil,PARÁ,PARAGOMINAS,Amazônia,11,0.0,0.95,10.5,-3.09095,-47.01822
2025/11/11 17:41:00,AQUA_M-T,Brasil,PARÁ,PARAGOMINAS,Amazônia,5,0.0,0.81,24.5,-2.6809,-46.96357
2025/11/12 18:19:00,AQUA_M-T,Brasil,PARÁ,PARAGOMINAS,Amazônia,22,0.0,0.97,17.8,-3.3452,-48.39401
2025/11/12 18:19:00,AQUA_M-T,Brasil,PARÁ,PARAGOMINAS,Amazônia,22,0.0,0.95,416.7,-3.37458,-48.4081
2025/11/12 18:19:00,AQUA_M-T,Brasil,PARÁ,PARAGOMINAS,Amazônia,22,0.0,0.98,12.2,-3.34252,-48.3759
2025/11/12 18:19:00,AQUA_M-T,Brasil,PARÁ,PARAGOMINAS,Amazônia,22,0.0,0.94,124.4,-3.35411,-48.3927
2025/11/12 18:19:00,AQUA_M-T,Brasil,PARÁ,PARAGOMINAS,Amazônia,22,0.0,0.99,65.9,-3.34386,-48.38497
2025/11/14 18:00:00,AQUA_M-T,Brasil,PARÁ,PARAGOMINAS,Amazônia,3,0.0,1.0,8.7,-2.88647,-47.77687
2025/11/14 18:00:00,AQUA_M-T,Brasil,PARÁ,PARAGOMINAS,Amazônia,2,0.0,0.69,28.8,-2.73426,-47.14509
2025/11/14 18:00:00,AQUA_M-T,Brasil,PARÁ,PARAGOMINAS,Amazônia,2,0.0,0.86,13.6,-2.65106,-46.99778
2025/11/17 18:15:00,AQUA_M-T,Brasil,PARÁ,PARAGOMINAS,Amazônia,10,0.0,1.0,24.7,-3.03583,-47.83886
2025/11/17 18:15:00,AQUA_M-T,Brasil,PARÁ,PARAGOMINAS,Amazônia,17,0.05,0.97,9.7,-3.06022,-46.99862
2025/11/17 18:17:00,AQUA_M-T,Brasil,PARÁ,PARAGOMINAS,Amazônia,4,0.0,1.0,11.9,-2.63039,-46.97101
2025/11/17 18:17:00,AQUA_M-T,Brasil,PARÁ,PARAGOMINAS,Amazônia,3,0.0,1.0,23.9,-2.61999,-46.96304
2025/11/17 18:17:00,AQUA_M-T,Brasil,PARÁ,PARAGOMINAS,Amazônia,3,0.0,1.0,14.4,-2.62902,-46.96172
2025/11/17 18:17:00,AQUA_M-T,Brasil,PARÁ,PARAGOMINAS,Amazônia,3,0.0,1.0,19.4,-2.62136,-46.97232
2025/11/21 17:34:00,AQUA_M-T,Brasil,PARÁ,PARAGOMINAS,Amazônia,5,11.68,0.06,145.7,-2.62802,-46.92351
2025/11/21 17:34:00,AQUA_M-T,Brasil,PARÁ,PARAGOMINAS,Amazônia,4,11.44,0.03,183.5,-2.61953,-46.92001
2025/11/22 18:13:00,AQUA_M-T,Brasil,PARÁ,PARAGOMINAS,Amazônia,0,0.3,0.91,41.5,-3.01352,-46.91205
2025/11/22 18:13:00,AQUA_M-T,Brasil,PARÁ,PARAGOMINAS,Amazônia,2,11.48,0.05,5.9,-2.52867,-46.996
2025/11/22 18:13:00,AQUA_M-T,Brasil,PARÁ,PARAGOMINAS,Amazônia,0,2.74,0.08,6.8,-3.43089,-46.97095
2025/11/22 18:13:00,AQUA_M-T,Brasil,PARÁ,PARAGOMINAS,Amazônia,0,0.0,0.54,6.8,-3.02413,-47.10661
2025/11/22 18:13:00,AQUA_M-T,Brasil,PARÁ,PARAGOMINAS,Amazônia,1,0.0,0.04,8.6,-3.6465,-47.95425
2025/11/24 17:49:00,AQUA_M-T,Brasil,PARÁ,PARAGOMINAS,Amazônia,2,0.22,0.89,38.9,-2.8328,-46.79765
2025/11/24 17:49:00,AQUA_M-T,Brasil,PARÁ,PARAGOMINAS,Amazônia,2,0.26,0.63,19.9,-2.83058,-46.7823
2025/11/24 17:49:00,AQUA_M-T,Brasil,PARÁ,PARAGOMINAS,Amazônia,2,0.0,0.97,24.6,-2.64463,-46.9309
2025/11/24 17:49:00,AQUA_M-T,Brasil,PARÁ,PARAGOMINAS,Amazônia,3,0.0,0.76,49.9,-3.65803,-48.06188
2025/11/24 17:49:00,AQUA_M-T,Brasil,PARÁ,PARAGOMINAS,Amazônia,2,0.0,0.26,14.2,-2.72532,-46.99958
2025/11/25 18:30:00,AQUA_M-T,Brasil,PARÁ,PARAGOMINAS,Amazônia,0,2.15,0.19,15.5,-2.62608,-47.77662
2025/11/27 18:06:00,AQUA_M-T,Brasil,PARÁ,PARAGOMINAS,Amazônia,4,0.3,1.0,8.2,-2.64423,-46.9618
2025/11/27 18:06:00,AQUA_M-T,Brasil,PARÁ,PARAGOMINAS,Amazônia,2,0.0,0.32,43.2,-2.66974,-47.89722
2025/11/27 18:06:00,AQUA_M-T,Brasil,PARÁ,PARAGOMINAS,Amazônia,1,0.3,0.9,8.8,-2.70893,-46.83733
2025/11/27 18:06:00,AQUA_M-T,Brasil,PARÁ,PARAGOMINAS,Amazônia,0,4.62,1.0,48.1,-2.80392,-46.78962
2025/11/27 18:06:00,AQUA_M-T,Brasil,PARÁ,PARAGOMINAS,Amazônia,1,0.25,1.0,18.3,-2.68443,-46.86475
2025/11/27 18:06:00,AQUA_M-T,Brasil,PARÁ,PARAGOMINAS,Amazônia,0,8.96,0.6,8.8,-2.84556,-46.76531
2025/11/27 18:06:00,AQUA_M-T,Brasil,PARÁ,PARAGOMINAS,Amazônia,0,0.19,1.0,33.1,-2.68312,-46.85585
2025/11/27 18:06:00,AQUA_M-T,Brasil,PARÁ,PARAGOMINAS,Amazônia,4,0.39,0.39,399.0,-2.65441,-46.96946
2025/11/27 18:06:00,AQUA_M-T,Brasil,PARÁ,PARAGOMINAS,Amazônia,4,0.31,0.97,13.1,-2.64553,-46.97076
2025/11/27 18:06:00,AQUA_M-T,Brasil,PARÁ,PARAGOMINAS,Amazônia,4,0.38,0.96,312.0,-2.65311,-46.96049
2025/11/27 18:06:00,AQUA_M-T,Brasil,PARÁ,PARAGOMINAS,Amazônia,3,1.93,0.27,64.4,-2.7518,-47.13368
2025/11/27 18:06:00,AQUA_M-T,Brasil,PARÁ,PARAGOMINAS,Amazônia,3,1.81,0.27,19.7,-2.75311,-47.14276
2025/11/27 18:06:00,AQUA_M-T,Brasil,PARÁ,PARAGOMINAS,Amazônia,2,0.0,0.42,7.1,-2.66832,-47.8876
2025/11/27 18:06:00,AQUA_M-T,Brasil,PARÁ,PARAGOMINAS,Amazônia,2,17.62,0.01,13.1,-3.14052,-46.7677
2025/11/30 18:23:00,AQUA_M-T,Brasil,PARÁ,PARAGOMINAS,Amazônia,4,0.87,0.98,16.5,-2.43073,-46.89046
2025/12/02 18:02:00,AQUA_M-T,Brasil,PARÁ,PARAGOMINAS,Amazônia,5,0.0,0.48,450.4,-2.57868,-46.88023
2025/12/02 18:02:00,AQUA_M-T,Brasil,PARÁ,PARAGOMINAS,Amazônia,2,2.0,0.59,21.5,-3.3898,-47.28176
2025/12/02 18:02:00,AQUA_M-T,Brasil,PARÁ,PARAGOMINAS,Amazônia,2,0.0,1.0,12.0,-2.52433,-47.03046
2025/12/02 18:02:00,AQUA_M-T,Brasil,PARÁ,PARAGOMINAS,Amazônia,4,1.24,0.44,28.5,-3.23103,-46.87882
2025/12/02 18:02:00,AQUA_M-T,Brasil,PARÁ,PARAGOMINAS,Amazônia,1,2.99,0.65,8.4,-3.63974,-47.95577
2025/12/02 18:02:00,AQUA_M-T,Brasil,PARÁ,PARAGOMINAS,Amazônia,4,1.31,0.59,36.0,-3.22391,-46.87629
2025/12/02 18:02:00,AQUA_M-T,Brasil,PARÁ,PARAGOMINAS,Amazônia,2,3.83,0.83,14.1,-3.74403,-47.97176
2025/12/02 18:02:00,AQUA_M-T,Brasil,PARÁ,PARAGOMINAS,Amazônia,2,4.04,0.8,32.0,-3.74576,-47.98356
2025/12/02 18:02:00,AQUA_M-T,Brasil,PARÁ,PARAGOMINAS,Amazônia,3,0.5,0.4,14.7,-2.89885,-46.739
2025/12/02 18:02:00,AQUA_M-T,Brasil,PARÁ,PARAGOMINAS,Amazônia,5,0.0,0.81,56.4,-2.59333,-46.87231
2025/12/02 18:02:00,AQUA_M-T,Brasil,PARÁ,PARAGOMINAS,Amazônia,3,0.24,0.64,13.6,-2.85898,-46.72482
2025/12/02 18:02:00,AQUA_M-T,Brasil,PARÁ,PARAGOMINAS,Amazônia,5,0.0,0.75,237.3,-2.58015,-46.89016
2025/12/02 18:02:00,AQUA_M-T,Brasil,PARÁ,PARAGOMINAS,Amazônia,2,0.0,1.0,21.5,-2.54084,-46.94648
2025/12/02 18:02:00,AQUA_M-T,Brasil,PARÁ,PARAGOMINAS,Amazônia,9,0.0,1.0,20.1,-2.65723,-46.98484
2025/12/02 18:02:00,AQUA_M-T,Brasil,PARÁ,PARAGOMINAS,Amazônia,3,0.18,0.41,50.3,-2.84188,-46.73732
2025/12/02 18:02:00,AQUA_M-T,Brasil,PARÁ,PARAGOMINAS,Amazônia,6,0.0,1.0,9.3,-2.4894,-46.85312
2025/12/02 18:02:00,AQUA_M-T,Brasil,PARÁ,PARAGOMINAS,Amazônia,5,0.0,0.86,10.6,-2.57722,-46.87034
2025/12/02 18:02:00,AQUA_M-T,Brasil,PARÁ,PARAGOMINAS,Amazônia,3,2.26,0.47,11.3,-3.3883,-47.2712
2025/12/02 18:02:00,AQUA_M-T,Brasil,PARÁ,PARAGOMINAS,Amazônia,5,0.0,0.62,25.3,-2.59477,-46.88236
2025/12/02 18:02:00,AQUA_M-T,Brasil,PARÁ,PARAGOMINAS,Amazônia,4,1.36,1.0,30.6,-3.22244,-46.86632
2025/12/02 18:02:00,AQUA_M-T,Brasil,PARÁ,PARAGOMINAS,Amazônia,5,0.0,0.52,32.1,-2.56939,-46.88158
2025/12/02 18:02:00,AQUA_M-T,Brasil,PARÁ,PARAGOMINAS,Amazônia,3,0.46,0.64,23.9,-2.90028,-46.74882
2025/12/02 18:02:00,AQUA_M-T,Brasil,PARÁ,PARAGOMINAS,Amazônia,3,0.2,0.41,191.0,-2.84973,-46.72617
2025/12/02 18:02:00,AQUA_M-T,Brasil,PARÁ,PARAGOMINAS,Amazônia,6,0.0,1.0,9.8,-2.488,-46.84328
2025/12/02 18:02:00,AQUA_M-T,Brasil,PARÁ,PARAGOMINAS,Amazônia,3,0.2,0.48,35.7,-2.84047,-46.7275
2025/12/02 18:02:00,AQUA_M-T,Brasil,PARÁ,PARAGOMINAS,Amazônia,3,0.12,0.48,19.9,-2.84328,-46.7471
2025/12/02 18:02:00,AQUA_M-T,Brasil,PARÁ,PARAGOMINAS,Amazônia,3,0.2,0.63,1543.5,-2.85113,-46.73597
2025/12/02 18:02:00,AQUA_M-T,Brasil,PARÁ,PARAGOMINAS,Amazônia,3,0.2,0.81,36.7,-2.83908,-46.71773
2025/12/02 18:02:00,AQUA_M-T,Brasil,PARÁ,PARAGOMINAS,Amazônia,4,1.26,1.0,85.9,-3.22961,-46.86889
2025/12/02 18:02:00,AQUA_M-T,Brasil,PARÁ,PARAGOMINAS,Amazônia,5,0.0,0.74,33.0,-2.57085,-46.89151
2025/12/02 18:02:00,AQUA_M-T,Brasil,PARÁ,PARAGOMINAS,Amazônia,0,5.91,0.66,10.4,-3.74807,-48.14225
2025/12/04 17:43:00,AQUA_M-T,Brasil,PARÁ,PARAGOMINAS,Amazônia,4,0.45,0.56,38.0,-2.91026,-46.75055
2025/12/04 17:43:00,AQUA_M-T,Brasil,PARÁ,PARAGOMINAS,Amazônia,9,0.0,1.0,78.7,-2.61514,-47.01247
2025/12/04 17:43:00,AQUA_M-T,Brasil,PARÁ,PARAGOMINAS,Amazônia,4,0.4,0.52,35.6,-2.91477,-46.74506
2025/12/04 17:43:00,AQUA_M-T,Brasil,PARÁ,PARAGOMINAS,Amazônia,8,0.0,0.91,66.2,-2.61207,-47.01789
2025/12/05 18:19:00,AQUA_M-T,Brasil,PARÁ,PARAGOMINAS,Amazônia,11,13.17,0.33,9.7,-2.65425,-46.93909
2025/12/07 18:00:00,AQUA_M-T,Brasil,PARÁ,PARAGOMINAS,Amazônia,4,5.04,0.05,27.7,-2.85206,-46.74365
2025/12/07 18:00:00,AQUA_M-T,Brasil,PARÁ,PARAGOMINAS,Amazônia,2,3.7,0.11,20.6,-2.95522,-46.67519
2025/12/07 18:00:00,AQUA_M-T,Brasil,PARÁ,PARAGOMINAS,Amazônia,3,5.15,0.03,10.1,-2.86541,-46.76532
2025/12/10 18:15:00,AQUA_M-T,Brasil,PARÁ,PARAGOMINAS,Amazônia,0,0.0,0.58,18.9,-3.42989,-47.6295
2025/12/10 18:15:00,AQUA_M-T,Brasil,PARÁ,PARAGOMINAS,Amazônia,0,0.14,0.48,44.1,-2.90112,-46.72836
2025/12/10 18:15:00,AQUA_M-T,Brasil,PARÁ,PARAGOMINAS,Amazônia,0,0.3,0.9,25.7,-2.85558,-46.80515
2025/12/10 18:15:00,AQUA_M-T,Brasil,PARÁ,PARAGOMINAS,Amazônia,0,0.0,0.56,38.4,-2.76102,-47.6644
2025/12/10 18:15:00,AQUA_M-T,Brasil,PARÁ,PARAGOMINAS,Amazônia,0,0.0,0.02,9.0,-3.76734,-48.04633
2025/12/10 18:15:00,AQUA_M-T,Brasil,PARÁ,PARAGOMINAS,Amazônia,0,0.1,0.46,29.9,-2.90996,-46.72704
2025/12/10 18:15:00,AQUA_M-T,Brasil,PARÁ,PARAGOMINAS,Amazônia,0,0.0,0.03,11.2,-3.76605,-48.0375
2025/12/10 18:15:00,AQUA_M-T,Brasil,PARÁ,PARAGOMINAS,Amazônia,0,0.0,0.1,15.2,-3.75594,-48.02996
2025/12/10 18:15:00,AQUA_M-T,Brasil,PARÁ,PARAGOMINAS,Amazônia,0,0.0,0.11,19.1,-3.75465,-48.02111
2025/12/10 18:15:00,AQUA_M-T,Brasil,PARÁ,PARAGOMINAS,Amazônia,0,0.0,0.99,15.6,-3.22398,-47.48479
2025/12/10 18:15:00,AQUA_M-T,Brasil,PARÁ,PARAGOMINAS,Amazônia,0,0.0,1.0,36.9,-3.2227,-47.47607
2025/12/10 18:15:00,AQUA_M-T,Brasil,PARÁ,PARAGOMINAS,Amazônia,0,0.29,0.87,39.1,-2.85688,-46.81401
2025/12/10 18:15:00,AQUA_M-T,Brasil,PARÁ,PARAGOMINAS,Amazônia,0,0.0,0.95,21.1,-3.23274,-47.4835
2025/12/10 18:15:00,AQUA_M-T,Brasil,PARÁ,PARAGOMINAS,Amazônia,0,0.0,0.98,80.3,-3.23146,-47.47477
2025/12/12 17:53:00,AQUA_M-T,Brasil,PARÁ,PARAGOMINAS,Amazônia,2,2.68,0.99,29.8,-2.9226,-46.7304
2025/12/12 17:53:00,AQUA_M-T,Brasil,PARÁ,PARAGOMINAS,Amazônia,2,2.75,0.97,11.8,-2.92462,-46.74479
2025/12/12 17:53:00,AQUA_M-T,Brasil,PARÁ,PARAGOMINAS,Amazônia,0,3.33,0.55,35.3,-3.25141,-47.25669
2025/12/12 17:53:00,AQUA_M-T,Brasil,PARÁ,PARAGOMINAS,Amazônia,2,4.02,0.96,77.7,-3.22888,-46.86127
2025/12/12 17:53:00,AQUA_M-T,Brasil,PARÁ,PARAGOMINAS,Amazônia,2,2.67,0.87,40.0,-2.92216,-46.73551
2025/12/12 17:53:00,AQUA_M-T,Brasil,PARÁ,PARAGOMINAS,Amazônia,0,0.98,0.17,63.5,-2.76924,-47.73335
2025/12/12 17:53:00,AQUA_M-T,Brasil,PARÁ,PARAGOMINAS,Amazônia,0,3.26,0.93,17.4,-2.49197,-47.01545
2025/12/12 17:53:00,AQUA_M-T,Brasil,PARÁ,PARAGOMINAS,Amazônia,2,3.96,0.44,23.9,-3.23096,-46.87595
2025/12/13 18:32:00,AQUA_M-T,Brasil,PARÁ,PARAGOMINAS,Amazônia,0,0.0,0.91,21.0,-2.59689,-47.72565
2025/12/15 18:10:00,AQUA_M-T,Brasil,PARÁ,PARAGOMINAS,Amazônia,0,0.0,0.5,4.3,-2.4421,-46.9087
2025/12/17 17:49:00,AQUA_M-T,Brasil,PARÁ,PARAGOMINAS,Amazônia,3,0.0,0.47,63.1,-2.66454,-46.9008
2025/12/18 18:28:00,AQUA_M-T,Brasil,PARÁ,PARAGOMINAS,Amazônia,3,1.2,1.0,10.5,-2.6059,-47.71028
2025/12/27 17:38:00,AQUA_M-T,Brasil,PARÁ,PARAGOMINAS,Amazônia,2,3.09,0.02,60.6,-3.02074,-46.70923
2025/12/28 18:19:00,AQUA_M-T,Brasil,PARÁ,PARAGOMINAS,Amazônia,0,15.55,0.0,12.0,-3.10132,-46.9119
2025/12/28 18:19:00,AQUA_M-T,Brasil,PARÁ,PARAGOMINAS,Amazônia,0,6.81,0.04,4.1,-3.33884,-48.02646
2025/12/28 18:19:00,AQUA_M-T,Brasil,PARÁ,PARAGOMINAS,Amazônia,0,14.52,0.0,10.9,-3.04794,-46.9355
2025/12/28 18:19:00,AQUA_M-T,Brasil,PARÁ,PARAGOMINAS,Amazônia,0,15.32,0.0,205.7,-3.09246,-46.91312
2025/12/28 18:19:00,AQUA_M-T,Brasil,PARÁ,PARAGOMINAS,Amazônia,0,13.02,0.01,4.6,-2.62636,-46.94989
2025/12/28 18:19:00,AQUA_M-T,Brasil,PARÁ,PARAGOMINAS,Amazônia,0,12.94,0.01,8.5,-2.62767,-46.95878
2025/12/30 17:58:00,AQUA_M-T,Brasil,PARÁ,PARAGOMINAS,Amazônia,2,4.3,0.0,12.5,-3.19201,-48.02696
2025/12/31 18:34:00,AQUA_M-T,Brasil,PARÁ,PARAGOMINAS,Amazônia,0,0.57,0.01,16.8,-2.84995,-46.72758
2025/12/31 18:34:00,AQUA_M-T,Brasil,PARÁ,PARAGOMINAS,Amazônia,0,0.48,0.05,16.7,-2.8497,-46.73682
2026/01/02 18:15:00,AQUA_M-T,Brasil,PARÁ,PARAGOMINAS,Amazônia,2,0.0,0.08,6.5,-2.78835,-47.65437
2026/01/02 18:15:00,AQUA_M-T,Brasil,PARÁ,PARAGOMINAS,Amazônia,2,0.0,0.01,5.9,-2.63878,-47.76641
2026/01/02 18:15:00,AQUA_M-T,Brasil,PARÁ,PARAGOMINAS,Amazônia,2,0.0,0.04,17.1,-2.6401,-47.77552
2026/01/04 17:51:00,AQUA_M-T,Brasil,PARÁ,PARAGOMINAS,Amazônia,4,1.65,0.01,27.7,-2.60534,-47.75749
2026/01/04 17:51:00,AQUA_M-T,Brasil,PARÁ,PARAGOMINAS,Amazônia,4,0.13,0.2,23.2,-3.30992,-47.37533
2026/01/04 17:51:00,AQUA_M-T,Brasil,PARÁ,PARAGOMINAS,Amazônia,4,0.16,0.07,24.5,-3.31106,-47.38027
2026/01/04 17:51:00,AQUA_M-T,Brasil,PARÁ,PARAGOMINAS,Amazônia,4,0.0,0.8,32.0,-2.92731,-46.73324
2026/01/04 17:51:00,AQUA_M-T,Brasil,PARÁ,PARAGOMINAS,Amazônia,4,0.0,1.0,22.9,-2.88896,-46.81021
2026/01/05 18:30:00,AQUA_M-T,Brasil,PARÁ,PARAGOMINAS,Amazônia,3,0.0,0.18,9.4,-2.90197,-47.60472
2026/01/05 18:30:00,AQUA_M-T,Brasil,PARÁ,PARAGOMINAS,Amazônia,6,0.0,0.42,17.7,-3.31076,-46.97668
2026/01/07 18:08:00,AQUA_M-T,Brasil,PARÁ,PARAGOMINAS,Amazônia,6,1.09,0.95,30.5,-3.2022,-46.81895
2026/01/07 18:08:00,AQUA_M-T,Brasil,PARÁ,PARAGOMINAS,Amazônia,6,4.87,0.05,18.2,-3.4257,-46.96294
2026/01/07 18:08:00,AQUA_M-T,Brasil,PARÁ,PARAGOMINAS,Amazônia,6,5.08,0.05,10.9,-3.42708,-46.97255
2026/01/07 18:08:00,AQUA_M-T,Brasil,PARÁ,PARAGOMINAS,Amazônia,6,3.96,0.43,44.3,-3.27903,-47.09544
2026/01/10 18:28:00,AQUA_M-T,Brasil,PARÁ,PARAGOMINAS,Amazônia,3,5.46,0.0,11.9,-3.14911,-47.51999
2026/01/10 18:28:00,AQUA_M-T,Brasil,PARÁ,PARAGOMINAS,Amazônia,3,5.52,0.0,13.3,-3.13999,-47.52124
2026/01/12 18:04:00,AQUA_M-T,Brasil,PARÁ,PARAGOMINAS,Amazônia,2,0.1,0.62,40.6,-2.91464,-46.69393
2026/01/12 18:04:00,AQUA_M-T,Brasil,PARÁ,PARAGOMINAS,Amazônia,2,0.2,1.0,21.3,-2.96467,-46.76432
2026/01/15 18:21:00,AQUA_M-T,Brasil,PARÁ,PARAGOMINAS,Amazônia,0,13.98,0.0,8.0,-2.63896,-46.95683
2026/01/20 18:17:00,AQUA_M-T,Brasil,PARÁ,PARAGOMINAS,Amazônia,3,0.0,0.0,14.1,-3.012,-47.38192
2026/01/20 18:17:00,AQUA_M-T,Brasil,PARÁ,PARAGOMINAS,Amazônia,0,0.0,0.0,5.3,-2.77007,-47.88188
2026/01/22 17:56:00,AQUA_M-T,Brasil,PARÁ,PARAGOMINAS,Amazônia,2,1.48,0.26,30.7,-2.93898,-46.79177
2026/01/22 17:56:00,AQUA_M-T,Brasil,PARÁ,PARAGOMINAS,Amazônia,2,1.35,0.28,22.7,-3.44093,-47.55081
2026/01/25 18:13:00,AQUA_M-T,Brasil,PARÁ,PARAGOMINAS,Amazônia,0,0.64,0.0,13.7,-2.86938,-46.76068
2026/02/02 18:23:00,AQUA_M-T,Brasil,PARÁ,PARAGOMINAS,Amazônia,2,1.18,0.2,7.2,-2.87227,-46.87252
2026/02/02 18:23:00,AQUA_M-T,Brasil,PARÁ,PARAGOMINAS,Amazônia,3,1.07,0.32,7.0,-3.29166,-47.08661
2026/02/02 18:23:00,AQUA_M-T,Brasil,PARÁ,PARAGOMINAS,Amazônia,2,1.12,0.31,22.0,-3.28284,-47.08793
2026/02/02 18:23:00,AQUA_M-T,Brasil,PARÁ,PARAGOMINAS,Amazônia,2,1.21,0.3,4.4,-3.28153,-47.07906
2026/02/04 18:02:00,AQUA_M-T,Brasil,PARÁ,PARAGOMINAS,Amazônia,1,2.23,0.02,15.1,-3.26324,-47.06812
2026/02/04 18:02:00,AQUA_M-T,Brasil,PARÁ,PARAGOMINAS,Amazônia,5,0.0,0.3,18.2,-2.85499,-46.79245
2026/02/04 18:02:00,AQUA_M-T,Brasil,PARÁ,PARAGOMINAS,Amazônia,2,2.03,0.3,40.2,-3.26537,-47.0829
2026/02/04 18:02:00,AQUA_M-T,Brasil,PARÁ,PARAGOMINAS,Amazônia,5,0.88,0.58,10.5,-3.36355,-47.1219
2026/03/23 18:30:00,AQUA_M-T,Brasil,PARÁ,PARAGOMINAS,Amazônia,0,4.78,0.0,9.0,-3.24272,-47.92101
2026/03/23 18:30:00,AQUA_M-T,Brasil,PARÁ,PARAGOMINAS,Amazônia,0,4.8,0.0,25.6,-3.24401,-47.92973
2026/03/23 18:30:00,AQUA_M-T,Brasil,PARÁ,PARAGOMINAS,Amazônia,0,4.8,0.0,4.7,-3.25276,-47.92843
2026/03/30 18:02:00,AQUA_M-T,Brasil,PARÁ,PARAGOMINAS,Amazônia,0,3.5,0.04,17.0,-3.35343,-47.11697
2026/05/11 18:32:00,AQUA_M-T,Brasil,PARÁ,PARAGOMINAS,Amazônia,0,1.88,0.0,3.3,-3.47565,-48.46743
2026/06/09 18:53:00,AQUA_M-T,Brasil,PARÁ,PARAGOMINAS,Amazônia,1,0.37,0.06,55.7,-3.50486,-48.0326
2026/06/09 18:53:00,AQUA_M-T,Brasil,PARÁ,PARAGOMINAS,Amazônia,1,0.4,0.06,12.6,-3.50337,-48.02711
2026/06/09 18:53:00,AQUA_M-T,Brasil,PARÁ,PARAGOMINAS,Amazônia,0,0.3,0.06,32.7,-3.50656,-48.04411
2026/06/09 18:53:00,AQUA_M-T,Brasil,PARÁ,PARAGOMINAS,Amazônia,0,0.31,0.06,109.5,-3.50518,-48.03881
2026/06/09 18:53:00,AQUA_M-T,Brasil,PARÁ,PARAGOMINAS,Amazônia,0,0.38,0.06,9.9,-3.49653,-48.04554
2026/06/14 18:49:00,AQUA_M-T,Brasil,PARÁ,PARAGOMINAS,Amazônia,3,0.2,0.12,9.0,-3.51109,-48.03015
2026/06/16 18:26:00,AQUA_M-T,Brasil,PARÁ,PARAGOMINAS,Amazônia,4,2.39,0.09,9.3,-3.51815,-48.04165
2026/06/29 18:28:00,AQUA_M-T,Brasil,PARÁ,PARAGOMINAS,Amazônia,3,0.91,0.15,12.4,-3.50503,-48.03923
2026/06/29 18:28:00,AQUA_M-T,Brasil,PARÁ,PARAGOMINAS,Amazônia,3,0.92,0.15,17.8,-3.5153,-48.03764
2026/07/02 18:45:00,AQUA_M-T,Brasil,PARÁ,PARAGOMINAS,Amazônia,2,0.0,1.0,12.8,-3.04323,-47.81995
2026/07/02 18:45:00,AQUA_M-T,Brasil,PARÁ,PARAGOMINAS,Amazônia,4,0.0,0.25,7.6,-3.50174,-48.04287
2026/07/02 18:45:00,AQUA_M-T,Brasil,PARÁ,PARAGOMINAS,Amazônia,5,0.0,0.25,26.2,-3.51048,-48.04158
2026/07/02 18:45:00,AQUA_M-T,Brasil,PARÁ,PARAGOMINAS,Amazônia,4,0.0,0.25,14.8,-3.5092,-48.03288
2026/07/05 19:00:00,AQUA_M-T,Brasil,PARÁ,PARAGOMINAS,Amazônia,7,0.3,0.29,14.2,-3.50449,-48.03595
2026/07/07 18:38:00,AQUA_M-T,Brasil,PARÁ,PARAGOMINAS,Amazônia,9,2.19,0.19,7.2,-3.49725,-48.03987
2026/07/12 18:32:00,AQUA_M-T,Brasil,PARÁ,PARAGOMINAS,Amazônia,4,0.0,0.39,11.0,-3.4989,-48.03491
2026/07/20 18:43:00,AQUA_M-T,Brasil,PARÁ,PARAGOMINAS,Amazônia,4,0.0,0.92,27.7,-3.17157,-48.06852
2026/07/20 18:43:00,AQUA_M-T,Brasil,PARÁ,PARAGOMINAS,Amazônia,4,0.0,0.59,6.4,-3.16309,-48.07541
2026/07/20 18:43:00,AQUA_M-T,Brasil,PARÁ,PARAGOMINAS,Amazônia,4,0.0,0.5,16.5,-3.17289,-48.07768
2026/07/25 18:34:00,AQUA_M-T,Brasil,PARÁ,PARAGOMINAS,Amazônia,0,0.02,0.23,36.8,-3.24807,-47.92583
2026/07/25 18:34:00,AQUA_M-T,Brasil,PARÁ,PARAGOMINAS,Amazônia,1,0.0,0.24,80.2,-3.24649,-47.9151
2026/07/27 18:13:00,AQUA_M-T,Brasil,PARÁ,PARAGOMINAS,Amazônia,3,0.0,0.39,65.0,-3.24802,-47.93829
2026/07/27 18:13:00,AQUA_M-T,Brasil,PARÁ,PARAGOMINAS,Amazônia,3,0.0,0.39,75.2,-3.24673,-47.91307
2026/07/27 18:13:00,AQUA_M-T,Brasil,PARÁ,PARAGOMINAS,Amazônia,3,0.0,0.4,44.2,-3.24396,-47.90908
2026/07/27 18:13:00,AQUA_M-T,Brasil,PARÁ,PARAGOMINAS,Amazônia,3,0.0,0.39,54.5,-3.251,-47.94217
2026/07/30 18:28:00,AQUA_M-T,Brasil,PARÁ,PARAGOMINAS,Amazônia,2,0.0,0.67,188.7,-3.11962,-47.91273
2026/07/30 18:28:00,AQUA_M-T,Brasil,PARÁ,PARAGOMINAS,Amazônia,2,0.0,0.61,96.3,-3.12103,-47.90602
2026/07/30 18:28:00,AQUA_M-T,Brasil,PARÁ,PARAGOMINAS,Amazônia,2,0.0,0.88,73.4,-3.12303,-47.92036
2026/07/31 19:06:00,AQUA_M-T,Brasil,PARÁ,PARAGOMINAS,Amazônia,3,0.1,0.97,20.9,-3.12449,-47.92346
2026/07/31 19:06:00,AQUA_M-T,Brasil,PARÁ,PARAGOMINAS,Amazônia,3,0.1,0.39,55.9,-3.11245,-47.91565
2026/07/31 19:06:00,AQUA_M-T,Brasil,PARÁ,PARAGOMINAS,Amazônia,6,0.1,0.47,34.5,-3.24371,-47.94363
2026/07/31 19:06:00,AQUA_M-T,Brasil,PARÁ,PARAGOMINAS,Amazônia,3,0.1,0.78,35.1,-3.12217,-47.90863
2026/07/31 19:06:00,AQUA_M-T,Brasil,PARÁ,PARAGOMINAS,Amazônia,3,0.1,0.92,34.9,-3.12369,-47.91394
2026/08/02 18:43:00,AQUA_M-T,Brasil,PARÁ,PARAGOMINAS,Amazônia,5,0.0,0.49,35.0,-3.11185,-47.91314
2026/08/02 18:43:00,AQUA_M-T,Brasil,PARÁ,PARAGOMINAS,Amazônia,5,0.0,0.49,5.7,-3.11055,-47.90431
2026/08/02 18:43:00,AQUA_M-T,Brasil,PARÁ,PARAGOMINAS,Amazônia,5,0.0,0.49,50.6,-3.11315,-47.92201
2026/08/05 19:00:00,AQUA_M-T,Brasil,PARÁ,PARAGOMINAS,Amazônia,26,0.0,1.0,65.2,-3.5984,-48.87001
2026/08/05 19:00:00,AQUA_M-T,Brasil,PARÁ,PARAGOMINAS,Amazônia,26,0.0,1.0,26.4,-3.59985,-48.87977
2026/08/07 18:38:00,AQUA_M-T,Brasil,PARÁ,PARAGOMINAS,Amazônia,9,0.0,0.57,16.7,-2.83987,-46.72128
